Name,AAE
PT0,0.924956837349612
PT1,0.8780987355600549
PT2,0.8755069283050995
PT3,0.6836886265803367
PT4,0.5000000000000737
